2019-03-19 00:21:44;SimpleConsoleHttp2;0;0;status : 204 body (<empty>);0;1772
2019-03-19 00:21:50;SimpleConsoleHttp2;1;0;status : 204 body (<empty>);0;46
2019-03-19 00:21:57;SimpleConsoleHttp2;2;0;status : 204 body (<empty>);0;35
2019-03-19 00:22:03;SimpleConsoleHttp2;3;0;status : 204 body (<empty>);0;44
2019-03-19 00:22:10;SimpleConsoleHttp2;4;0;status : 204 body (<empty>);0;54
2019-03-19 00:22:16;SimpleConsoleHttp2;5;0;status : 204 body (<empty>);0;59
2019-03-19 00:22:23;SimpleConsoleHttp2;6;0;status : 204 body (<empty>);0;45
2019-03-19 00:22:29;SimpleConsoleHttp2;7;0;status : 204 body (<empty>);0;53
2019-03-19 00:22:36;SimpleConsoleHttp2;8;0;status : 204 body (<empty>);0;52
2019-03-19 00:22:43;SimpleConsoleHttp2;9;0;status : 204 body (<empty>);0;29
2019-03-19 00:22:49;SimpleConsoleHttp2;10;0;status : 204 body (<empty>);0;33
2019-03-19 00:22:56;SimpleConsoleHttp2;11;0;status : 204 body (<empty>);0;47
2019-03-19 00:23:02;SimpleConsoleHttp2;12;0;status : 204 body (<empty>);0;44
2019-03-19 00:23:09;SimpleConsoleHttp2;13;0;status : 204 body (<empty>);0;43
2019-03-19 00:23:15;SimpleConsoleHttp2;14;0;status : 204 body (<empty>);0;62
2019-03-19 00:23:22;SimpleConsoleHttp2;15;0;status : 204 body (<empty>);0;54
2019-03-19 00:23:28;SimpleConsoleHttp2;16;0;status : 204 body (<empty>);0;31
2019-03-19 00:23:35;SimpleConsoleHttp2;17;0;status : 204 body (<empty>);0;37
2019-03-19 00:23:41;SimpleConsoleHttp2;18;0;status : 204 body (<empty>);0;64
2019-03-19 00:23:48;SimpleConsoleHttp2;19;0;status : 204 body (<empty>);0;53
