2019-03-19 00:05:59;SimpleConsole;0;0;status : 204 body (<empty>);0;693
2019-03-19 00:06:05;SimpleConsole;1;0;status : 204 body (<empty>);0;256
2019-03-19 00:06:12;SimpleConsole;2;0;status : 204 body (<empty>);0;13
2019-03-19 00:06:18;SimpleConsole;3;0;status : 204 body (<empty>);0;459
2019-03-19 00:06:25;SimpleConsole;4;0;status : 204 body (<empty>);0;230
2019-03-19 00:06:31;SimpleConsole;5;0;status : 204 body (<empty>);0;13
2019-03-19 00:06:38;SimpleConsole;6;0;status : 204 body (<empty>);0;260
2019-03-19 00:06:45;SimpleConsole;7;0;status : 204 body (<empty>);0;247
2019-03-19 00:06:51;SimpleConsole;8;0;status : 204 body (<empty>);0;15
2019-03-19 00:06:58;SimpleConsole;9;0;status : 204 body (<empty>);0;249
2019-03-19 00:07:04;SimpleConsole;10;0;status : 204 body (<empty>);0;238
2019-03-19 00:07:11;SimpleConsole;11;0;status : 204 body (<empty>);0;10
2019-03-19 00:07:17;SimpleConsole;12;0;status : 204 body (<empty>);0;260
2019-03-19 00:07:24;SimpleConsole;13;0;status : 204 body (<empty>);0;249
2019-03-19 00:07:30;SimpleConsole;14;0;status : 204 body (<empty>);0;16
2019-03-19 00:07:37;SimpleConsole;15;0;status : 204 body (<empty>);0;254
2019-03-19 00:07:43;SimpleConsole;16;0;status : 204 body (<empty>);0;252
2019-03-19 00:07:50;SimpleConsole;17;0;status : 204 body (<empty>);0;13
2019-03-19 00:07:56;SimpleConsole;18;0;status : 204 body (<empty>);0;245
2019-03-19 00:08:03;SimpleConsole;19;0;status : 204 body (<empty>);0;245
