2019-03-19 00:17:08;SimpleConsoleReactive;0;0;status : 204 body (<empty>);0;2380
2019-03-19 00:17:15;SimpleConsoleReactive;1;0;status : 204 body (<empty>);0;22
2019-03-19 00:17:21;SimpleConsoleReactive;2;0;status : 204 body (<empty>);0;12
2019-03-19 00:17:28;SimpleConsoleReactive;3;0;status : 204 body (<empty>);0;10
2019-03-19 00:17:34;SimpleConsoleReactive;4;0;status : 204 body (<empty>);0;17
2019-03-19 00:17:41;SimpleConsoleReactive;5;0;status : 204 body (<empty>);0;16
2019-03-19 00:17:47;SimpleConsoleReactive;6;0;status : 204 body (<empty>);0;19
2019-03-19 00:17:54;SimpleConsoleReactive;7;0;status : 204 body (<empty>);0;20
2019-03-19 00:18:00;SimpleConsoleReactive;8;0;status : 204 body (<empty>);0;16
2019-03-19 00:18:07;SimpleConsoleReactive;9;0;status : 204 body (<empty>);0;17
2019-03-19 00:18:13;SimpleConsoleReactive;10;0;status : 204 body (<empty>);0;11
2019-03-19 00:18:20;SimpleConsoleReactive;11;0;status : 204 body (<empty>);0;17
2019-03-19 00:18:26;SimpleConsoleReactive;12;0;status : 204 body (<empty>);0;17
2019-03-19 00:18:33;SimpleConsoleReactive;13;0;status : 204 body (<empty>);0;11
2019-03-19 00:18:39;SimpleConsoleReactive;14;0;status : 204 body (<empty>);0;12
2019-03-19 00:18:46;SimpleConsoleReactive;15;0;status : 204 body (<empty>);0;16
2019-03-19 00:18:52;SimpleConsoleReactive;16;0;status : 204 body (<empty>);0;14
2019-03-19 00:18:59;SimpleConsoleReactive;17;0;status : 204 body (<empty>);0;13
2019-03-19 00:19:05;SimpleConsoleReactive;18;0;status : 204 body (<empty>);0;10
2019-03-19 00:19:12;SimpleConsoleReactive;19;0;status : 204 body (<empty>);0;15
