2019-03-20 16:13:17;SimpleConsolePython;0;0;PYTHON Status code 204 body ;200;665
2019-03-20 16:13:19;SimpleConsolePython;1;0;PYTHON Status code 204 body ;200;407
2019-03-20 16:13:20;SimpleConsolePython;2;0;PYTHON Status code 204 body ;200;234
2019-03-20 16:13:21;SimpleConsolePython;3;0;PYTHON Status code 204 body ;200;232
2019-03-20 16:13:23;SimpleConsolePython;4;0;PYTHON Status code 204 body ;200;260
2019-03-20 16:13:24;SimpleConsolePython;5;0;PYTHON Status code 204 body ;200;229
2019-03-20 16:13:25;SimpleConsolePython;6;0;PYTHON Status code 204 body ;200;230
2019-03-20 16:13:26;SimpleConsolePython;7;0;PYTHON Status code 204 body ;200;238
2019-03-20 16:13:28;SimpleConsolePython;8;0;PYTHON Status code 204 body ;200;232
2019-03-20 16:13:29;SimpleConsolePython;9;0;PYTHON Status code 204 body ;200;314
2019-03-20 16:13:30;SimpleConsolePython;10;0;PYTHON Status code 204 body ;200;227
2019-03-20 16:13:32;SimpleConsolePython;11;0;PYTHON Status code 204 body ;200;232
2019-03-20 16:13:33;SimpleConsolePython;12;0;PYTHON Status code 204 body ;200;236
2019-03-20 16:13:34;SimpleConsolePython;13;0;PYTHON Status code 204 body ;200;250
2019-03-20 16:13:35;SimpleConsolePython;14;0;PYTHON Status code 204 body ;200;217
2019-03-20 16:13:37;SimpleConsolePython;15;0;PYTHON Status code 204 body ;200;225
2019-03-20 16:13:38;SimpleConsolePython;16;0;PYTHON Status code 204 body ;200;223
2019-03-20 16:13:39;SimpleConsolePython;17;0;PYTHON Status code 204 body ;200;288
2019-03-20 16:13:41;SimpleConsolePython;18;0;PYTHON Status code 204 body ;200;229
2019-03-20 16:13:42;SimpleConsolePython;19;0;PYTHON Status code 204 body ;200;233
