SimpleConsoleNoCache;1229
SimpleConsoleNoCache;257
SimpleConsoleNoCache;1052
SimpleConsoleNoCache;234
SimpleConsoleNoCache;321
SimpleConsoleNoCache;278
SimpleConsoleNoCache;263
SimpleConsoleNoCache;260
SimpleConsoleNoCache;241
SimpleConsoleNoCache;246
SimpleConsoleNoCache;244
SimpleConsoleNoCache;230
SimpleConsoleNoCache;230
SimpleConsoleNoCache;246
SimpleConsoleNoCache;245
SimpleConsoleNoCache;236
SimpleConsoleNoCache;300
SimpleConsoleNoCache;250
SimpleConsoleNoCache;238
SimpleConsoleNoCache;240
