2019-09-15 02:24:44;SimpleConsole;0;0;Status code (204) Body (<empty>);200;1099
2019-09-15 02:24:45;SimpleConsole;1;0;Status code (204) Body (<empty>);200;235
2019-09-15 02:24:47;SimpleConsole;2;0;Status code (204) Body (<empty>);200;244
2019-09-15 02:24:48;SimpleConsole;3;0;Status code (204) Body (<empty>);200;245
2019-09-15 02:24:49;SimpleConsole;4;0;Status code (204) Body (<empty>);200;234
2019-09-15 02:24:50;SimpleConsole;5;0;Status code (204) Body (<empty>);200;225
2019-09-15 02:24:52;SimpleConsole;6;0;Status code (204) Body (<empty>);200;229
2019-09-15 02:24:53;SimpleConsole;7;0;Status code (204) Body (<empty>);200;230
2019-09-15 02:24:54;SimpleConsole;8;0;Status code (204) Body (<empty>);200;231
2019-09-15 02:24:55;SimpleConsole;9;0;Status code (204) Body (<empty>);200;227
