2019-03-20 10:08:35;SimpleConsoleAsync;1;814
2019-03-20 10:08:37;SimpleConsoleAsync;2;62
2019-03-20 10:08:38;SimpleConsoleAsync;3;33
2019-03-20 10:08:39;SimpleConsoleAsync;4;299
2019-03-20 10:08:40;SimpleConsoleAsync;5;34
2019-03-20 10:08:41;SimpleConsoleAsync;6;41
2019-03-20 10:08:42;SimpleConsoleAsync;7;46
2019-03-20 10:08:43;SimpleConsoleAsync;8;36
2019-03-20 10:08:44;SimpleConsoleAsync;9;28
2019-03-20 10:08:45;SimpleConsoleAsync;10;55
2019-03-20 10:08:46;SimpleConsoleAsync;11;34
2019-03-20 10:08:48;SimpleConsoleAsync;12;35
2019-03-20 10:08:49;SimpleConsoleAsync;13;273
2019-03-20 10:08:50;SimpleConsoleAsync;14;34
2019-03-20 10:08:51;SimpleConsoleAsync;15;34
2019-03-20 10:08:52;SimpleConsoleAsync;16;36
2019-03-20 10:08:53;SimpleConsoleAsync;17;31
2019-03-20 10:08:54;SimpleConsoleAsync;18;51
2019-03-20 10:08:55;SimpleConsoleAsync;19;22
2019-03-20 10:08:56;SimpleConsoleAsync;20;26
